ID,SEX,AGE,AREAdis,MARRIED,CHILD,Undesirable,ConservatibeBuying,FoodLiteracy01,FoodLiteracy02,FoodLiteracy03,FoodLiteracy04,FoodLiteracy05,FoodLiteracy06,FoodLiteracy07,FoodLiteracy08,FoodLiteracy09,Quiz01,Quiz02,Quiz03,Quiz04,Quiz05,Quiz06
1,1,53,195.9,2,2,4,3,3,3,3,3,3,3,3,3,3,4,1,1,2,3,2
2,1,54,946,2,2,6,2,4,4,3,4,3,2,2,2,2,3,1,2,1,3,3
3,1,48,0,2,1,6,6,5,5,5,5,5,5,5,5,5,3,3,2,1,4,2
4,1,59,0,2,2,5,3,1,4,2,3,2,2,2,2,2,4,1,2,2,3,1
5,1,52,141.3,1,2,4,3,4,3,3,3,3,3,3,5,1,3,1,2,1,3,1
6,1,39,0,2,2,5,5,3,3,3,5,3,3,3,4,3,5,5,2,2,3,5
7,2,55,222.4,2,2,4,4,4,3,3,3,3,3,3,3,3,5,5,5,5,3,5
8,1,58,583.8,2,2,4,3,3,2,2,3,2,2,2,2,2,3,5,5,2,4,2
9,2,41,679.9,1,1,4,1,4,3,3,4,4,4,4,4,3,2,1,2,5,2,1
10,1,43,195.9,2,2,4,3,4,3,3,4,4,4,3,4,4,3,1,2,5,5,2
11,1,48,819.8,2,2,5,4,3,3,4,4,4,3,3,5,4,1,1,1,1,2,2
12,1,55,0,2,2,4,4,4,3,2,3,4,4,4,4,4,3,1,2,2,3,1
13,1,54,236.8,2,2,4,3,3,3,3,3,3,3,3,3,3,1,5,5,2,5,5
14,1,47,238.9,2,2,3,1,3,4,3,3,4,4,4,5,3,1,5,5,5,2,5
15,2,55,427.9,2,2,6,4,4,3,2,3,3,2,2,2,3,1,5,5,2,5,2
16,2,35,67.7,2,1,6,4,3,4,2,2,2,2,3,3,2,3,4,3,1,3,2
17,1,45,594.8,2,2,5,5,3,3,3,3,3,3,3,4,3,3,1,4,5,5,5
18,2,44,583.8,2,2,5,5,4,4,4,3,3,4,4,4,3,3,1,2,2,3,1
19,1,53,238.9,1,1,4,3,3,4,2,3,3,4,3,3,3,1,5,2,1,1,1
20,2,53,156.3,2,2,5,4,3,4,2,2,4,2,2,1,1,1,1,1,1,3,1
21,1,47,0,1,1,5,4,3,3,2,3,3,3,3,4,2,1,4,3,1,3,1
22,2,49,238.9,2,1,4,2,4,3,3,4,3,4,4,5,3,5,5,1,1,4,4
23,2,39,0,2,2,6,5,4,3,4,4,5,5,4,5,3,4,4,3,2,2,1
24,2,43,1048.2,2,2,4,3,4,4,4,4,4,4,4,5,3,5,5,2,5,5,5
25,2,53,67.7,2,1,5,5,3,3,3,4,3,3,3,3,3,3,4,3,1,4,1
26,1,50,0,2,1,5,4,3,3,2,3,3,3,3,3,2,5,4,4,2,3,1
27,1,31,1018.5,2,2,1,1,4,5,3,1,5,4,5,5,5,3,1,4,2,4,1
28,1,54,342.1,2,2,2,1,3,5,3,3,3,3,3,4,3,5,5,2,1,4,1
29,2,51,425.3,2,1,6,1,5,1,5,5,5,5,5,5,3,1,5,3,5,5,2
30,1,59,610.2,2,2,5,3,5,1,2,3,4,2,4,5,2,3,1,2,2,5,1
31,2,54,946,2,2,5,3,4,3,2,2,4,3,2,5,3,3,5,1,5,3,1
32,2,41,811.3,2,2,4,3,3,4,2,4,3,3,3,4,3,5,5,5,5,5,5
33,1,47,427.9,1,1,6,1,4,4,4,4,4,4,4,4,4,1,1,1,2,3,1
34,2,41,240,2,2,5,5,3,3,3,2,2,2,2,5,2,1,1,1,5,5,5
35,1,38,342.1,1,1,6,6,3,4,3,3,3,2,3,4,3,4,4,3,2,3,4
36,2,57,0,2,2,5,2,1,3,2,4,3,3,4,4,4,5,5,2,5,5,5
37,2,28,594.8,1,1,4,3,4,4,2,3,2,2,2,4,2,3,1,4,2,3,1
38,1,52,594.8,1,1,2,2,4,4,2,2,4,3,3,4,3,5,5,2,2,3,1
39,1,53,128.3,2,2,6,6,3,3,3,3,3,4,4,4,4,1,1,4,2,3,1
40,2,44,811.3,2,2,6,1,5,5,5,5,5,5,5,5,5,5,5,5,5,5,5
41,1,53,222.4,2,2,4,3,4,5,2,5,3,2,4,4,3,3,5,3,1,3,1
42,1,53,902.2,1,1,4,3,4,4,4,3,4,4,3,3,4,1,1,1,2,4,2
43,1,58,512.9,2,2,3,4,3,3,2,3,3,3,3,3,3,3,5,3,2,5,1
44,1,41,342.1,1,1,4,4,3,3,3,3,3,3,3,3,3,4,5,5,5,5,5
45,1,57,594.8,2,2,6,6,3,3,3,3,3,3,3,3,1,1,4,2,5,5,2
46,1,44,222.4,1,1,6,6,5,5,5,5,5,5,5,1,1,1,2,2,2,4,4
47,1,42,594.8,1,1,6,6,5,5,5,5,3,3,3,3,3,3,1,4,1,4,4
48,2,53,594.8,2,1,6,1,3,3,1,3,4,4,4,5,5,5,5,3,2,5,5
49,2,46,691.3,2,2,5,4,3,4,3,3,3,3,3,4,3,3,4,2,2,2,1
50,1,38,141.3,2,2,1,1,5,5,5,5,5,5,5,5,5,3,2,1,1,2,1
51,2,58,220.8,2,2,5,2,5,5,2,2,2,4,4,5,2,2,5,2,2,5,2
52,2,48,342.1,1,1,4,1,3,4,3,3,3,3,3,5,5,5,1,1,2,5,1
53,1,38,128.3,2,2,3,2,3,3,3,3,3,3,3,3,3,5,5,5,5,5,5
54,1,45,55.2,2,2,4,4,3,3,3,3,3,3,3,3,3,1,4,5,1,5,1
55,2,57,265.9,2,2,5,4,4,5,3,4,5,4,5,5,4,5,1,2,2,4,1
56,2,44,594.8,2,1,6,6,4,4,2,2,4,4,4,5,5,3,5,4,5,5,5
57,2,46,594.8,2,2,4,3,2,5,2,2,2,2,2,2,2,4,1,2,2,5,5
58,1,59,222.4,2,2,5,1,5,4,4,5,5,5,5,5,5,3,1,2,2,4,1
59,2,42,0,2,2,6,5,4,5,5,5,5,5,5,5,2,1,1,3,1,3,1
60,1,40,0,1,1,5,5,1,5,2,3,2,2,2,4,3,3,5,3,2,3,2
61,1,48,594.8,2,2,5,3,3,5,3,5,5,5,5,5,5,4,1,1,2,3,2
62,1,52,425.3,1,1,3,3,3,3,3,3,3,3,3,3,3,5,5,5,5,5,5
63,1,33,156.3,1,1,5,5,4,3,3,3,4,4,4,4,2,3,1,2,1,3,1
64,2,46,265.9,2,2,6,1,4,4,3,3,4,2,4,5,1,1,1,3,2,3,1
65,1,58,220.8,2,1,5,3,4,3,2,3,2,3,3,4,4,1,1,1,2,4,1
66,1,38,425.3,2,2,4,1,4,5,3,5,5,4,5,5,5,3,5,1,2,3,1
67,1,49,679.9,2,2,1,3,1,2,5,2,5,5,1,5,5,5,5,5,2,3,1
68,2,48,559.7,2,2,4,3,2,3,3,4,2,2,2,5,4,2,5,1,1,5,5
69,1,47,220.8,2,1,5,4,1,5,1,3,1,1,2,4,3,3,4,4,5,3,5
70,1,44,67.7,2,1,3,3,3,3,3,2,3,3,3,3,3,5,5,5,5,5,5
71,1,56,220.8,1,1,2,1,4,4,4,4,4,4,4,4,4,3,1,2,2,2,2
72,2,55,55.2,2,2,6,1,5,4,4,4,5,5,5,5,5,1,3,4,2,4,1
73,1,45,427.9,2,2,5,3,2,3,2,3,2,2,2,2,2,3,1,1,2,3,1
74,2,46,610.2,1,2,5,2,3,3,2,3,4,3,3,4,4,1,5,2,2,5,5
75,2,44,236.8,2,2,4,4,4,4,4,4,3,3,3,4,4,4,5,5,5,5,5
76,1,51,0,2,1,4,3,4,4,4,4,5,3,5,5,4,3,4,3,2,3,2
77,2,40,427.9,2,2,4,2,3,3,3,2,3,2,4,4,4,4,3,4,2,2,1
78,1,45,427.9,2,2,4,3,2,3,3,4,4,4,3,2,2,1,5,5,5,5,5
79,1,46,265.9,2,2,6,1,3,3,3,3,3,3,3,5,3,3,1,2,2,3,5
80,1,55,156.3,2,2,5,5,3,2,2,4,4,3,3,3,2,2,1,2,5,4,2
81,1,49,1018.5,1,1,5,4,4,4,4,4,5,4,4,4,4,3,1,1,2,3,1
82,2,41,67.7,2,2,5,1,5,3,3,4,4,3,3,4,4,5,1,2,2,5,3
83,2,52,220.8,2,1,4,4,3,5,3,2,2,2,2,2,2,5,1,3,2,5,5
84,1,51,1111.6,2,1,3,4,3,3,3,3,4,3,3,3,3,5,5,2,5,3,5
85,1,46,55.2,2,2,3,4,2,3,3,3,3,3,3,3,3,2,4,4,1,5,5
86,2,38,141.3,2,2,4,4,4,3,3,3,3,3,3,3,3,4,3,1,2,5,5
87,1,46,583.8,1,1,5,4,3,3,3,3,3,4,2,2,2,3,5,2,1,3,1
88,1,52,559.7,2,2,5,5,4,4,4,4,4,3,4,3,4,4,4,3,4,4,4
89,1,44,0,2,2,4,1,4,4,3,3,2,2,2,3,1,3,5,2,4,4,1
90,2,54,1041.2,2,2,6,4,5,3,4,4,5,3,2,3,4,1,1,3,2,4,1
91,1,43,583.8,1,1,4,2,1,3,1,2,1,1,1,4,1,5,5,2,2,3,5
92,2,52,238.9,1,2,5,3,4,4,4,4,4,3,3,5,3,1,1,4,2,2,1
93,1,49,156.3,1,2,6,5,3,3,3,3,3,3,3,3,4,5,1,4,2,4,1
94,1,48,0,1,1,4,4,3,3,4,3,3,3,3,3,3,5,5,5,5,5,5
95,2,48,156.3,2,2,5,2,4,4,3,4,2,3,5,5,4,4,5,3,1,3,2
96,1,45,594.8,2,2,4,4,4,4,3,3,3,3,4,4,4,4,1,3,1,4,1
97,2,56,240,1,1,4,4,3,3,3,3,2,2,2,4,3,1,1,3,5,2,5
98,2,49,1018.5,2,1,4,3,4,4,4,4,3,3,4,4,3,3,1,1,2,4,1
99,1,42,224.9,2,1,5,4,2,4,3,3,2,2,2,4,3,3,4,3,2,3,2
100,2,42,55.2,2,2,5,1,3,3,1,3,2,2,2,5,5,5,5,2,2,5,1
101,2,41,559.7,2,2,5,2,4,3,3,3,4,3,4,4,3,5,5,2,2,4,1
102,1,39,222.4,1,1,3,2,3,3,2,3,2,2,2,3,2,3,5,2,2,3,1
103,1,46,1111.6,2,2,2,1,3,5,2,3,2,2,2,4,3,1,1,1,5,4,2
104,2,40,128.3,2,1,6,5,2,4,1,4,4,2,4,5,4,4,4,3,1,3,5
105,1,59,0,2,2,6,5,2,4,2,5,2,2,2,2,2,1,1,1,1,3,2
106,2,58,559.7,2,2,4,4,3,4,3,3,3,3,3,3,3,5,5,5,5,5,5
107,1,46,583.8,2,1,4,4,3,3,3,3,3,3,3,3,3,5,5,5,5,3,5
108,1,30,55.2,2,2,6,4,4,4,1,1,1,1,1,1,1,3,1,3,2,2,2
109,1,55,559.7,1,2,2,4,3,3,3,4,3,3,3,3,3,1,5,5,5,5,5
110,1,44,220.8,1,1,4,4,3,3,2,3,3,3,3,3,3,5,5,5,5,5,5
111,1,50,265.9,1,1,5,6,2,5,2,1,1,1,1,4,2,4,4,2,3,4,1
112,2,34,0,1,1,6,6,1,5,1,5,5,1,1,5,1,3,1,2,2,4,1
113,1,39,311.8,2,2,6,1,5,5,4,4,5,4,5,5,5,3,1,2,2,3,1
114,2,53,811.3,2,1,2,1,4,5,3,5,4,3,3,5,3,1,1,4,2,4,1
115,2,37,238.9,2,1,5,2,4,4,4,4,4,4,4,3,3,4,5,2,1,5,5
116,1,44,0,1,1,4,2,3,2,2,2,1,2,2,4,3,3,1,4,2,3,2
117,2,38,236.8,2,2,5,4,3,3,4,3,3,3,3,3,3,5,5,5,5,5,5
118,1,37,0,1,1,4,3,3,4,3,4,3,3,4,4,3,3,4,3,2,3,2
119,1,40,594.8,2,2,5,2,4,4,4,4,4,4,4,4,3,4,2,2,2,1,5
120,1,46,1137.6,2,2,4,3,3,3,4,3,3,3,4,3,3,4,5,2,1,3,1
121,1,40,583.8,1,1,4,1,4,5,2,4,4,3,3,3,3,1,5,4,2,4,1
122,2,43,594.8,2,1,4,4,3,3,3,3,3,3,3,3,3,5,5,2,2,3,3
123,2,47,594.8,2,1,6,1,5,5,5,5,5,4,4,5,4,3,1,2,2,2,2
124,1,45,1018.5,1,1,4,3,3,2,2,2,3,3,3,3,3,5,5,5,5,5,5
125,1,35,1111.6,1,1,6,6,4,5,3,4,2,2,4,4,4,3,1,1,1,3,1
126,2,41,1111.6,1,1,4,4,3,3,3,3,3,3,3,3,3,5,5,5,5,5,5
127,2,55,559.7,2,1,6,6,4,3,3,3,3,3,3,5,5,2,5,4,5,5,2
128,2,45,594.8,2,1,5,4,2,3,2,3,2,2,3,5,3,4,5,2,1,5,1
129,2,54,811.3,1,1,6,5,5,5,1,3,4,3,3,5,4,5,1,2,2,5,1
130,1,51,594.8,2,2,4,3,3,3,3,3,3,2,2,2,2,5,5,2,2,4,1
131,1,43,427.9,2,2,4,4,3,4,3,3,3,3,3,3,3,5,5,2,5,3,2
132,1,37,238.9,1,1,6,6,1,5,1,2,1,3,1,4,1,3,4,4,5,3,2
133,1,44,224.9,1,1,6,3,5,5,5,5,2,2,2,5,4,3,4,1,2,3,2
134,1,59,224.9,2,2,2,4,2,3,3,2,2,3,3,2,3,4,5,5,5,5,5
135,1,40,342.1,1,1,6,6,4,4,1,3,1,1,1,1,1,5,5,5,2,3,1
136,2,59,156.3,2,2,4,4,3,2,3,4,4,3,3,4,2,5,1,3,2,4,1
137,1,53,583.8,2,2,6,2,4,4,2,3,2,4,4,5,4,1,1,1,1,3,3
138,1,56,422,2,2,5,5,3,3,3,3,3,3,3,3,4,4,5,5,5,5,5
139,2,47,0,2,2,4,4,3,3,3,3,3,3,3,3,3,5,5,5,5,5,5
140,1,41,220.8,2,2,4,2,4,4,3,4,4,3,3,4,4,3,2,2,1,2,1
141,2,58,222.4,2,2,5,5,3,4,4,4,3,3,3,3,3,3,4,5,5,5,5
142,1,52,594.8,1,1,5,4,3,3,3,3,3,2,3,4,3,3,1,3,2,4,3
143,1,47,1049.8,2,2,6,2,4,3,3,4,4,3,3,4,4,5,4,5,5,5,5
144,2,57,238.9,2,2,4,4,2,4,2,3,2,2,2,2,2,5,5,2,2,4,2
145,2,48,559.7,2,1,5,5,3,4,3,3,3,3,3,3,3,3,1,3,2,5,1
146,2,42,364.5,1,1,1,1,1,1,1,1,1,1,1,2,2,5,5,5,5,5,5
147,2,48,594.8,2,2,5,3,4,4,3,3,1,1,1,5,4,5,5,3,2,5,5
148,2,53,594.8,2,2,4,3,3,3,2,4,4,3,3,4,3,3,1,3,1,3,5
149,2,57,156.3,2,2,4,3,4,4,3,3,4,3,3,5,4,1,1,2,2,3,2
150,1,54,671.7,2,2,6,2,3,2,2,1,2,2,2,4,4,1,1,1,1,4,3
151,1,57,220.8,2,2,6,4,1,5,3,4,4,4,4,5,3,1,1,1,2,4,2
152,1,43,195.9,2,2,3,3,3,3,3,3,3,3,3,3,3,5,4,5,2,5,5
153,2,31,240,1,1,6,1,3,3,3,3,3,3,3,3,3,3,1,4,5,5,5
154,1,56,224.9,2,2,4,4,3,3,3,3,3,3,3,3,3,3,5,5,1,1,1
155,1,54,594.8,1,2,6,5,2,5,3,5,4,3,3,5,3,4,1,3,2,2,2
156,2,51,1137.6,2,1,4,4,4,4,4,4,4,4,4,4,4,5,1,3,2,3,5
157,2,57,195.9,2,2,5,2,4,2,3,2,4,3,4,5,4,5,1,3,2,4,1
158,1,41,902.2,2,2,4,2,4,4,2,3,3,3,3,3,3,4,2,1,2,4,1
159,1,55,342.1,2,2,5,5,3,4,3,3,3,2,4,4,2,3,4,3,5,4,1
160,2,29,594.8,1,1,6,4,4,5,3,3,3,3,3,3,3,1,3,4,2,3,1
161,2,44,141.3,1,1,1,2,5,4,2,3,5,4,5,2,2,1,1,1,1,4,2
162,2,53,222.4,1,1,5,5,4,4,4,4,4,4,3,3,3,1,5,5,5,5,5
163,2,46,594.8,2,2,4,3,4,4,3,3,4,2,4,5,4,1,4,4,2,5,5
164,1,39,1048.2,2,2,4,4,2,3,1,2,2,1,1,1,1,1,5,4,2,4,1
165,2,43,559.7,2,2,5,4,4,3,3,4,3,2,3,4,4,5,5,1,1,3,1
166,2,47,1756.4,1,1,6,3,4,4,4,4,4,4,4,4,2,3,5,5,5,3,2
167,1,43,128.3,1,1,6,4,2,5,3,4,1,2,4,5,4,3,4,3,2,3,1
168,1,36,679.9,1,1,6,5,3,5,1,1,1,1,1,1,1,3,4,4,2,3,2
169,1,56,220.8,2,2,6,6,2,4,2,4,2,2,2,2,2,3,4,4,1,3,1
170,1,26,594.8,1,1,4,3,3,5,1,3,1,2,1,5,2,3,5,2,2,3,1
171,1,36,195.9,1,1,6,6,3,3,4,3,3,5,4,5,3,5,5,5,5,5,5
172,1,39,559.7,2,2,6,3,4,5,4,5,5,4,4,5,4,5,1,2,1,4,2
173,1,44,156.3,1,1,3,3,3,3,2,3,4,3,3,3,3,3,1,1,1,1,2
174,2,59,1049.8,2,2,4,3,3,3,4,4,5,3,3,5,2,5,1,2,5,5,5
175,2,34,238.9,2,2,5,3,4,4,4,2,4,3,2,3,3,4,5,5,5,5,5
176,2,55,559.7,2,2,4,1,5,5,5,5,5,4,4,5,5,1,4,3,5,4,5
177,2,42,222.4,2,2,5,5,4,3,3,3,3,3,4,5,5,5,1,2,2,3,2
178,1,49,427.9,2,1,6,5,5,3,3,3,3,3,3,3,3,3,1,1,2,3,5
179,1,51,238.9,2,2,4,4,3,3,3,3,3,3,3,3,2,3,5,5,2,3,5
180,1,38,0,1,1,4,4,4,3,3,4,3,3,4,4,3,3,5,5,1,2,1
181,1,53,559.7,2,2,5,5,4,4,4,4,4,4,4,4,2,1,3,5,5,5,2
182,1,38,311.8,2,2,4,1,3,4,2,3,2,3,3,5,3,5,5,1,1,1,1
183,1,48,559.7,1,1,6,6,3,4,3,3,3,3,3,3,3,5,5,5,5,5,2
184,2,33,811.3,1,2,6,2,3,5,2,2,2,1,1,5,4,3,2,3,5,5,1
185,2,51,559.7,1,1,4,1,4,5,4,5,5,4,5,5,2,3,4,2,2,3,2
186,2,46,811.3,2,1,5,3,4,3,3,2,4,4,4,4,3,4,1,3,4,3,1
187,2,31,559.7,2,2,4,3,2,3,3,2,3,4,3,3,2,1,1,4,1,5,5
188,2,52,427.9,2,2,5,2,4,4,4,5,5,3,5,5,5,3,1,3,2,4,3
189,1,34,67.7,1,1,3,3,3,3,3,3,3,3,3,3,3,5,5,5,5,5,5
190,1,49,238.9,1,1,5,4,4,4,3,3,4,1,4,1,3,5,5,2,2,4,5
191,1,49,360.1,1,1,4,1,3,2,1,3,2,2,4,5,2,1,1,1,1,3,5
192,1,54,0,1,1,6,5,2,4,2,4,2,2,2,2,2,3,5,3,5,5,5
193,2,33,311.8,1,1,4,4,3,3,3,3,3,3,3,3,3,5,2,2,1,5,2
194,2,56,364.5,1,2,4,4,3,3,3,3,3,3,3,3,3,5,5,5,5,5,5
195,1,31,141.3,1,1,4,3,4,4,3,3,4,4,4,4,3,1,1,1,3,3,5
196,2,53,583.8,2,2,4,4,4,4,2,4,4,3,3,4,3,3,1,2,2,5,5
197,2,59,594.8,2,2,4,2,4,4,4,4,4,3,3,4,4,5,5,2,2,5,5
198,1,48,1018.5,1,1,6,6,3,2,3,3,3,3,3,3,3,3,2,5,2,5,5
199,1,38,811.3,1,1,6,2,4,3,3,3,3,4,4,4,4,1,1,4,1,5,5
200,1,43,559.7,1,1,4,3,3,3,3,3,3,3,3,3,3,5,5,5,2,5,5
201,1,22,811.3,1,1,4,4,3,3,3,3,3,3,3,3,3,5,5,5,5,5,5
202,2,24,691.3,1,1,6,3,5,4,2,1,3,4,4,5,3,5,5,2,3,2,2
203,1,53,819.8,2,2,4,3,3,4,3,3,3,3,3,5,3,3,1,2,2,3,2
204,2,58,811.3,2,2,5,4,5,5,4,5,4,3,4,5,3,3,1,3,2,5,5
205,1,58,1137.6,2,2,4,4,3,2,2,2,3,3,3,3,3,1,1,1,2,3,1
206,1,53,583.8,2,2,6,3,4,5,2,1,4,3,4,5,1,1,1,2,3,3,4
207,2,57,0,2,2,6,4,2,3,3,4,2,2,4,5,2,1,1,3,1,2,1
208,1,40,1048.2,2,2,5,3,3,3,1,3,2,2,3,3,3,5,5,3,1,2,5
209,1,39,265.9,1,1,5,2,5,1,4,4,5,5,5,5,5,1,1,4,2,3,2
210,1,56,224.9,2,2,6,6,5,4,3,5,2,2,2,2,2,3,1,3,2,5,2
211,1,54,141.3,2,2,6,2,3,3,2,3,3,3,3,3,3,5,1,2,5,5,2
212,1,27,67.7,1,1,4,6,3,3,4,5,3,3,2,4,4,3,3,5,5,5,3
213,2,40,240,2,2,3,3,4,3,3,3,3,3,3,4,3,1,1,1,1,3,2
214,2,27,222.4,2,2,3,4,3,3,3,3,4,3,2,3,3,4,5,5,5,5,5
215,2,32,427.9,2,2,6,1,4,2,1,5,3,2,4,5,3,1,4,1,5,5,5
216,1,46,195.9,2,2,1,1,3,5,3,3,4,3,4,4,3,5,5,5,5,5,2
217,1,56,156.3,2,1,6,2,4,3,2,3,2,2,2,2,2,1,1,2,2,4,1
218,2,54,342.1,2,2,4,3,3,3,3,3,4,3,4,5,4,5,5,2,2,5,5
219,1,50,141.3,2,2,4,3,3,3,2,2,2,2,2,3,3,5,5,2,2,1,2
220,2,43,360.1,2,2,3,4,3,2,3,2,2,2,2,2,2,3,1,1,2,3,2
221,1,58,1018.5,2,2,5,4,2,3,3,3,5,4,3,5,5,5,5,4,2,3,2
222,2,38,224.9,2,2,4,4,4,3,3,4,3,5,3,5,4,5,1,2,5,5,1
223,2,43,0,1,2,6,5,3,3,3,4,3,3,3,4,3,1,1,4,2,3,2
224,1,46,238.9,2,1,3,2,3,2,4,3,3,2,3,4,3,5,5,5,5,5,5
225,1,54,195.9,2,2,4,5,4,2,2,4,2,2,2,4,2,1,1,3,2,3,1
226,2,37,1018.5,2,2,4,4,5,4,4,4,3,3,3,3,3,1,3,2,5,5,5
227,1,59,0,1,1,5,1,3,3,1,3,1,1,1,1,1,5,5,1,5,3,2
228,2,46,265.9,2,2,4,4,3,3,3,3,3,3,3,2,3,5,5,5,5,5,5
229,1,53,156.3,1,1,5,5,2,2,2,3,2,1,1,1,1,5,5,5,1,3,5
230,2,43,512.9,2,1,2,3,4,3,3,5,3,4,3,5,5,5,5,5,5,5,3
231,2,52,67.7,2,2,5,4,5,5,3,4,3,3,3,3,3,5,1,5,2,3,2
232,2,37,1137.6,2,2,6,5,2,3,2,2,1,2,2,3,2,5,5,5,5,5,5
233,2,35,342.1,1,1,5,4,4,3,2,2,3,3,4,3,3,1,1,3,5,5,3
234,2,52,671.7,2,2,6,6,5,5,5,4,5,5,5,5,5,4,1,4,2,5,5
235,1,44,594.8,2,2,6,3,4,3,4,3,3,3,3,5,3,4,5,3,1,3,2
236,1,47,67.7,1,1,5,1,3,3,3,3,3,3,3,3,3,1,5,5,2,4,4
237,1,59,67.7,1,1,5,4,3,4,3,3,4,2,2,4,1,1,1,3,2,3,2
238,1,49,488.7,2,2,4,4,3,3,3,4,3,3,3,3,3,1,1,3,2,3,1
239,2,55,512.9,1,1,5,3,3,4,2,3,5,1,4,5,4,1,1,5,1,5,5
240,1,38,0,2,1,6,6,3,4,4,4,4,4,4,5,4,3,4,4,1,4,2
241,1,59,1018.5,2,1,4,4,1,3,3,3,3,3,3,4,3,1,1,4,2,4,1
242,1,33,594.8,1,1,3,4,3,3,3,3,3,3,3,4,3,5,5,5,5,5,5
243,1,37,141.3,1,1,5,3,4,4,3,3,2,3,3,3,3,1,2,1,1,2,1
244,1,48,0,2,2,2,3,3,3,3,2,2,3,3,2,2,5,1,2,4,3,1
245,1,50,141.3,2,2,4,2,4,3,3,4,4,3,4,4,4,5,1,4,2,4,1
246,1,31,265.9,1,1,5,5,3,3,3,3,3,3,3,4,3,5,5,5,2,2,5
247,2,44,594.8,2,2,4,4,3,3,2,3,3,2,3,3,3,5,5,2,3,5,5
248,1,47,537.8,1,1,6,5,3,4,3,4,3,3,3,3,3,3,1,3,2,3,2
249,1,39,559.7,1,1,3,3,3,3,3,3,3,3,3,3,3,5,5,5,5,5,5
250,2,28,238.9,1,1,4,4,3,4,3,3,3,3,3,3,3,5,5,5,5,1,1
251,1,53,342.1,2,2,4,5,4,4,1,4,1,1,1,2,2,1,2,2,1,5,1
252,1,42,819.8,2,2,4,5,3,4,3,2,3,3,4,4,4,2,1,3,2,1,3
253,2,28,67.7,1,1,4,4,3,3,3,2,3,3,3,3,3,5,2,2,1,5,1
254,2,31,238.9,2,2,3,2,5,3,3,4,5,4,4,5,4,5,5,3,2,5,2
255,1,38,220.8,1,1,4,4,3,3,3,3,3,3,3,3,3,5,5,5,5,5,5
256,2,45,583.8,2,1,6,3,3,3,2,2,3,3,4,4,5,1,2,3,2,3,2
257,2,55,1018.5,2,2,4,4,3,4,2,4,4,2,4,5,3,5,5,2,1,4,2
258,2,25,220.8,1,1,6,5,3,4,2,4,1,1,3,4,2,1,1,3,2,3,2
259,2,31,594.8,2,1,4,3,4,4,3,3,3,3,3,4,4,5,5,2,2,5,5
260,2,55,709.8,2,2,4,5,4,4,3,3,3,4,4,4,3,5,5,3,2,5,1
261,2,50,342.1,2,2,6,5,4,4,3,5,5,3,5,4,4,3,1,2,1,3,5
262,2,53,1018.5,2,2,5,3,5,3,5,5,5,5,5,5,5,1,4,2,2,3,1
263,1,45,67.7,2,2,5,5,4,3,4,4,2,2,4,5,2,4,5,3,3,3,1
264,2,55,236.8,1,2,5,4,3,4,3,4,3,3,4,4,3,3,5,2,2,2,3
265,2,57,811.3,2,2,4,3,4,4,3,3,4,2,2,5,4,3,5,2,5,5,5
266,2,28,610.2,1,1,4,4,3,3,3,3,3,3,3,3,3,5,5,5,5,5,5
267,1,54,594.8,1,1,2,1,4,4,4,5,5,4,5,5,3,1,1,1,2,4,5
268,1,23,946,1,1,6,1,3,3,3,3,1,1,1,1,1,3,5,1,1,5,5
269,1,56,222.4,1,1,4,2,4,4,4,4,4,4,4,4,4,3,1,2,2,4,2
270,2,43,141.3,1,1,4,3,3,3,3,4,3,3,3,3,3,5,5,3,2,3,5
271,1,58,594.8,1,2,5,5,2,3,2,4,2,2,2,4,3,5,5,3,5,4,2
272,1,58,238.9,2,2,3,1,4,4,4,4,5,4,4,4,3,3,1,1,1,3,3
273,1,53,236.8,2,2,4,2,4,4,3,3,3,3,3,4,3,3,5,2,1,3,2
274,1,27,156.3,2,2,4,4,3,3,2,3,3,3,3,3,3,5,5,5,5,5,5
275,2,47,594.8,1,1,4,3,3,4,3,3,3,3,3,4,4,3,5,3,5,5,2
276,2,41,1018.5,2,2,5,4,4,3,3,3,4,3,3,5,4,5,2,2,5,5,5
277,2,35,220.8,2,2,6,2,5,5,4,5,4,4,3,5,3,5,5,2,2,5,1
278,2,46,519.9,1,2,4,3,3,2,2,3,4,2,3,4,2,1,5,2,5,5,5
279,2,53,679.9,2,2,4,1,5,3,1,5,5,2,1,5,3,3,1,4,5,5,5
280,1,24,0,1,1,6,6,2,2,1,2,1,1,1,3,3,1,1,2,2,3,2
281,2,52,781.1,2,2,6,1,4,4,2,3,4,1,4,5,4,4,1,2,2,5,3
282,2,27,265.9,2,1,6,2,3,5,2,4,2,1,1,4,1,1,1,3,2,3,1
283,1,52,902.2,2,1,4,3,3,3,3,3,4,4,3,4,3,4,4,1,2,3,1
284,1,57,811.3,1,1,6,5,2,2,4,4,1,1,1,1,1,5,5,5,2,1,1
285,2,28,709.8,1,2,6,3,5,5,5,5,5,5,4,4,5,3,1,2,2,5,1
286,1,36,156.3,2,2,6,5,4,3,3,4,4,3,4,4,4,1,2,1,2,4,1
287,2,45,220.8,2,2,4,1,5,3,3,4,4,3,4,5,4,5,5,2,1,5,5
288,2,39,427.9,2,2,3,3,2,2,3,3,3,3,3,3,3,5,5,5,5,5,5
289,1,37,594.8,2,2,6,6,2,3,3,3,3,2,4,3,3,2,3,3,2,1,3
290,2,44,679.9,2,1,5,5,2,3,1,2,1,1,1,4,3,1,1,3,1,3,2
291,2,55,265.9,2,2,4,6,2,4,3,3,2,2,2,4,4,1,4,2,2,4,1
292,1,34,594.8,2,2,1,1,5,5,5,5,5,5,5,5,5,4,1,2,2,2,1
293,2,44,265.9,1,1,4,5,4,4,2,2,2,2,2,4,2,1,1,3,1,3,1
294,2,58,224.9,1,2,6,5,2,5,1,3,2,2,2,4,1,3,2,2,5,5,5
295,1,51,224.9,2,2,5,4,2,1,1,4,2,2,2,2,2,5,1,2,5,5,5
296,2,33,594.8,1,1,6,1,5,5,5,1,5,5,5,5,5,3,2,1,2,5,5
297,1,56,141.3,2,2,2,4,2,3,2,3,3,3,3,3,4,2,1,2,2,4,2
298,1,31,819.8,2,1,6,6,1,5,1,5,1,1,1,1,1,3,4,3,2,3,2
299,1,33,671.7,2,2,5,2,4,5,4,5,4,4,5,4,4,1,5,4,2,3,5
300,2,37,0,2,2,2,2,4,3,3,3,3,3,3,4,3,1,4,3,2,5,1
301,1,56,1018.5,1,2,4,3,4,3,3,3,4,4,2,5,4,5,1,3,3,3,2
302,1,36,265.9,2,2,6,6,4,4,4,4,4,4,4,3,3,1,1,1,1,3,1
303,1,30,222.4,1,1,5,3,3,3,2,3,2,2,2,3,3,1,1,4,2,5,1
304,1,40,67.7,2,2,6,3,3,3,3,3,3,3,3,3,3,3,3,3,3,3,3
305,2,46,422,2,2,5,5,4,4,4,4,4,4,4,4,4,2,1,2,5,5,5
306,1,50,195.9,1,1,2,2,5,4,4,3,5,4,3,5,3,3,1,2,2,3,5
307,2,46,342.1,2,2,5,5,4,4,3,3,3,3,3,3,3,3,1,2,1,4,1
308,1,20,1018.5,1,1,4,4,4,3,2,3,3,3,4,3,4,5,5,1,2,4,1
309,2,51,128.3,2,2,4,2,4,3,3,3,3,3,3,3,3,5,1,1,5,5,5
310,2,54,67.7,2,2,4,3,3,4,3,4,4,4,4,5,5,3,1,3,2,3,1
311,1,41,902.2,1,1,5,5,3,3,3,3,3,3,3,3,3,3,4,4,2,4,1
312,1,51,238.9,1,1,5,2,5,5,4,3,3,3,3,3,3,5,5,2,1,3,1
313,2,54,67.7,2,2,6,3,4,3,2,4,4,3,3,5,4,3,2,1,2,5,1
314,1,36,222.4,2,2,4,2,1,1,1,4,1,1,1,3,1,3,1,4,2,3,1
315,1,38,427.9,1,1,4,4,3,3,3,3,3,3,3,3,3,3,5,2,2,3,2
316,1,27,224.9,1,1,3,4,3,3,3,4,3,3,3,3,3,4,5,5,5,5,5
317,2,35,811.3,2,2,6,4,3,3,1,3,3,3,3,3,3,3,2,1,2,5,5
318,1,59,427.9,1,2,6,6,3,3,3,3,3,3,3,3,3,3,1,1,2,4,1
319,1,44,488.7,1,1,5,4,5,4,2,4,2,2,2,4,2,3,5,2,2,4,1
320,2,29,594.8,2,2,4,4,4,3,3,3,3,3,3,3,3,5,5,5,5,5,5
321,1,22,902.2,1,1,4,3,3,3,3,3,2,2,2,3,2,1,5,1,5,3,5
322,2,30,0,1,2,6,6,2,2,2,3,2,1,2,5,3,1,1,2,2,2,1
323,2,53,594.8,2,2,4,4,4,3,5,5,4,4,5,5,5,5,5,2,2,4,5
324,2,31,224.9,1,1,6,6,1,5,1,1,1,1,1,1,1,1,2,4,1,3,4
325,1,52,427.9,1,2,5,3,4,4,2,4,4,4,4,4,4,5,5,5,5,5,5
326,1,54,709.8,2,2,5,4,4,4,3,4,4,4,4,5,5,1,1,2,2,3,1
327,1,33,583.8,2,2,6,1,4,4,1,1,1,1,1,1,1,2,2,1,1,5,2
328,1,55,0,1,1,6,6,4,4,4,4,4,4,4,4,4,1,1,1,2,1,1
329,1,52,342.1,2,2,5,1,2,5,2,2,1,2,3,2,2,4,4,2,1,4,1
330,2,29,224.9,2,1,5,4,4,2,2,3,2,2,3,4,4,5,2,4,5,4,4
331,2,22,360.1,2,2,4,3,3,3,2,2,3,3,4,3,3,1,5,3,5,5,1
332,2,33,67.7,1,1,3,4,4,4,3,3,3,3,3,3,3,5,5,5,5,5,5
333,2,33,1111.6,2,1,3,3,3,3,3,3,3,3,3,3,3,5,3,2,2,1,4
334,2,30,559.7,2,1,5,4,3,4,2,4,2,2,2,4,4,3,5,3,2,3,3
335,2,32,224.9,2,2,5,4,2,2,2,2,2,2,2,2,5,3,2,4,5,5,5
336,1,29,236.8,1,1,4,3,3,2,3,3,3,2,2,2,2,2,1,1,5,5,4
337,1,36,55.2,1,1,3,3,3,3,3,3,3,3,3,2,2,5,5,5,5,5,3
338,1,57,1018.5,2,2,5,3,4,3,3,3,3,3,3,4,3,1,5,5,2,5,5
339,1,28,55.2,1,1,3,3,3,3,2,3,3,3,3,3,3,3,2,2,5,5,1
340,1,58,342.1,2,2,5,4,3,4,2,4,2,2,2,4,3,1,1,3,1,3,1
341,2,48,559.7,1,2,4,1,3,3,1,3,3,3,3,3,3,5,5,5,5,5,5
342,2,29,224.9,2,1,5,3,2,3,1,3,1,3,1,2,2,1,5,2,1,3,3
343,1,47,0,2,2,3,4,3,3,3,3,2,3,3,3,3,1,1,1,3,3,1
344,1,29,559.7,1,1,5,2,4,3,2,2,4,2,4,5,2,1,1,1,2,5,5
345,1,30,1018.5,1,1,6,4,5,3,3,3,4,3,3,5,5,1,5,2,5,5,1
346,1,50,594.8,1,1,4,4,3,4,3,4,3,3,3,3,3,5,5,2,1,3,2
347,1,31,1041.2,1,1,5,1,4,4,5,4,2,3,1,4,2,4,5,2,2,2,2
348,1,34,811.3,2,2,2,2,5,4,4,4,2,2,2,4,4,3,3,3,2,4,1
349,2,55,342.1,2,2,4,3,2,4,3,1,4,2,3,3,5,3,4,3,5,3,5
350,2,33,238.9,2,1,6,6,5,4,4,3,4,4,2,5,4,1,3,3,2,3,1
351,2,52,559.7,2,2,5,5,4,3,2,3,2,3,3,4,3,1,5,2,5,5,5
352,1,49,594.8,2,2,6,1,5,3,4,5,5,5,5,5,4,3,4,2,2,4,1
353,2,42,342.1,2,2,3,3,4,4,4,3,3,3,3,3,3,1,1,4,1,3,1
354,2,32,594.8,1,1,4,3,4,4,3,3,3,3,3,3,3,5,5,5,5,5,5
355,1,28,360.1,1,1,4,3,3,3,3,4,3,3,3,4,4,1,5,5,1,5,1
356,1,38,1049.8,1,2,3,3,3,3,3,3,3,3,3,3,3,5,5,5,5,5,5
357,2,52,594.8,2,2,6,3,3,5,2,4,2,1,1,4,3,1,1,4,2,5,5
358,1,38,360.1,2,2,5,1,3,4,2,4,3,2,2,3,3,1,5,1,2,5,1
359,2,42,238.9,1,1,4,4,3,3,3,4,1,1,1,1,1,5,5,3,5,5,5
360,2,23,559.7,1,1,3,3,4,3,3,3,3,3,3,4,3,5,5,5,5,5,5
361,1,38,224.9,2,2,5,2,1,5,1,1,1,2,1,2,1,3,1,1,1,3,5
362,1,41,594.8,2,2,6,3,3,4,4,3,3,3,4,4,3,5,5,5,5,5,5
363,2,26,67.7,2,2,3,3,3,5,2,3,5,5,5,5,5,3,5,2,5,5,2
364,2,41,67.7,1,2,6,1,4,3,2,3,4,4,4,4,4,1,1,2,2,5,5
365,2,53,141.3,2,2,6,4,3,3,1,3,4,3,3,5,5,4,5,2,1,4,1
366,1,47,67.7,2,2,1,1,5,5,3,3,3,3,3,5,3,3,5,2,2,5,5
367,2,59,0,2,2,6,3,5,3,5,5,5,5,5,5,4,1,1,4,2,3,1
368,1,55,811.3,2,2,5,4,3,3,4,3,3,3,3,2,2,4,4,2,2,5,1
369,2,40,0,2,2,5,3,2,3,3,2,4,4,3,4,3,5,5,2,5,5,5
370,1,33,559.7,1,1,4,4,3,3,3,3,3,3,3,3,3,5,5,5,5,5,5
371,2,53,594.8,2,2,2,1,5,3,5,5,5,5,5,5,5,2,1,3,2,4,1
372,1,45,224.9,2,2,5,2,2,4,2,4,3,2,2,3,3,3,4,3,2,4,1
373,1,38,594.8,1,1,4,4,2,3,1,1,1,1,1,1,1,3,5,5,5,5,5
374,2,37,265.9,1,1,6,6,4,4,1,2,2,2,4,3,2,5,5,3,2,3,1
375,2,58,265.9,2,1,6,1,3,3,3,3,5,2,2,5,5,3,1,2,2,5,5
376,1,20,222.4,1,1,1,1,3,3,3,3,3,3,3,3,3,3,4,1,2,3,1
377,1,26,238.9,1,1,6,6,5,5,5,5,5,5,5,5,5,5,5,5,2,1,2
378,1,21,427.9,1,1,4,3,4,4,1,2,2,2,2,2,2,5,5,5,2,5,5
379,1,48,220.8,2,1,3,1,4,4,4,3,4,4,4,4,4,1,1,3,2,3,2
380,2,55,594.8,2,2,5,4,3,3,3,5,4,3,3,5,5,3,5,3,2,5,5
381,2,33,811.3,2,2,6,1,5,1,1,1,3,2,2,3,3,5,3,2,2,3,2
382,2,40,67.7,2,2,5,5,3,2,3,3,3,3,3,5,5,1,5,1,2,4,1
383,1,29,195.9,1,1,4,4,3,3,3,2,3,3,2,3,3,1,3,1,1,3,1
384,2,26,156.3,2,1,6,1,5,5,5,1,5,5,5,5,5,3,1,2,2,4,2
385,2,41,0,2,1,5,4,3,3,3,3,3,3,3,1,1,3,2,2,2,2,1
386,2,41,342.1,2,2,3,1,4,4,4,4,4,3,4,5,4,1,1,2,1,3,2
387,2,38,0,2,2,6,4,3,4,2,2,3,3,3,4,4,1,5,5,2,5,1
388,1,23,594.8,1,1,4,4,3,3,3,3,5,3,3,3,3,5,5,5,5,3,2
389,1,29,594.8,1,1,1,6,5,3,3,3,5,5,5,5,5,3,1,1,2,4,1
390,1,21,128.3,1,1,5,5,3,4,3,3,3,3,4,3,3,1,1,3,2,2,1
391,2,20,583.8,1,1,4,4,3,3,3,3,3,3,3,3,3,5,5,5,5,5,5
392,1,53,238.9,2,1,4,2,3,3,3,3,3,3,4,2,3,1,1,2,3,3,2
393,1,59,360.1,1,1,5,5,4,3,3,3,3,3,3,4,3,1,1,2,2,3,1
394,2,35,559.7,1,1,2,1,2,4,2,2,2,4,2,5,5,3,3,2,2,5,4
395,1,29,583.8,1,1,6,5,2,4,3,3,2,2,2,5,3,3,4,3,1,3,1
396,2,55,594.8,2,2,5,5,3,5,1,3,5,1,5,5,5,5,1,2,5,3,2
397,1,53,265.9,2,2,6,3,3,2,2,4,2,2,2,2,2,5,5,5,5,5,5
398,2,47,1018.5,1,1,5,5,4,2,3,2,2,2,2,5,4,3,3,3,2,2,1
399,2,57,224.9,2,2,5,5,5,4,3,4,4,3,3,3,3,5,1,5,3,5,5
400,1,26,156.3,1,1,6,4,5,4,4,3,1,1,1,5,5,3,1,3,1,5,1
401,2,38,238.9,2,2,3,2,4,3,3,4,5,3,3,5,5,5,5,1,1,5,1
402,1,27,287,1,1,4,4,4,4,4,4,4,4,3,4,3,5,1,1,2,4,1
403,2,33,594.8,2,2,5,3,4,5,4,4,4,3,3,5,5,1,5,4,2,3,2
404,2,30,67.7,1,1,6,4,4,4,4,4,4,4,4,5,4,3,2,5,5,5,2
405,1,51,360.1,1,1,4,3,4,4,3,4,2,2,2,4,3,3,1,4,2,4,1
406,2,37,1111.6,1,1,4,4,5,3,4,2,3,2,2,5,2,3,5,3,2,3,1
407,2,38,1756.4,2,2,1,1,5,5,3,2,1,1,1,1,1,5,1,5,2,5,5
408,2,29,0,1,1,6,6,3,2,3,3,3,3,3,3,3,5,1,5,2,5,1
409,2,55,311.8,2,2,4,3,4,3,4,4,5,4,5,5,5,3,1,4,1,2,2
410,2,30,679.9,2,2,6,1,3,3,2,3,4,3,3,5,3,1,5,5,5,5,5
411,1,25,222.4,1,1,2,3,3,2,2,3,2,2,2,2,2,1,2,1,2,4,4
412,1,46,427.9,2,2,3,3,3,2,3,3,3,3,3,3,3,4,5,2,5,5,2
413,2,29,67.7,1,1,4,4,3,3,3,3,3,3,3,3,3,5,5,5,5,5,5
414,2,54,67.7,2,2,6,6,4,3,4,5,5,5,5,5,4,5,1,1,1,5,1
415,2,33,427.9,1,1,6,3,4,2,2,3,1,1,1,1,1,5,5,2,1,1,5
416,1,57,342.1,2,2,4,3,4,3,3,3,3,3,3,4,3,1,2,3,2,5,5
417,1,28,67.7,2,2,4,3,3,3,3,4,3,3,3,3,3,3,1,1,2,3,1
418,2,52,156.3,2,2,4,3,3,4,2,4,4,3,3,4,3,3,5,2,2,5,1
419,2,27,0,2,2,6,2,5,2,3,4,2,2,3,5,2,1,5,2,2,3,1
420,2,56,1041.2,2,2,5,5,4,3,3,2,4,2,3,5,4,1,1,3,1,4,1
421,2,47,195.9,2,2,4,4,3,3,3,3,3,3,3,3,3,3,4,2,2,3,1
422,1,40,67.7,1,1,5,4,1,4,1,1,1,1,4,1,1,3,4,3,2,3,1
423,2,49,220.8,1,2,4,3,3,4,2,2,2,4,4,5,4,5,1,2,2,3,5
424,2,45,67.7,2,2,6,4,3,3,3,4,3,2,3,5,3,3,1,2,2,5,2
425,1,36,0,2,2,4,4,4,4,4,3,4,4,4,4,4,5,5,5,2,5,1
426,2,45,0,2,2,5,3,3,3,3,4,3,4,4,3,3,1,3,4,2,2,2
427,2,47,594.8,2,1,6,5,4,4,2,2,1,1,1,1,1,5,5,2,5,5,5
428,2,28,55.2,2,1,3,3,3,2,2,3,3,3,3,3,3,5,1,1,2,5,4
429,1,21,617.3,1,1,3,5,4,3,3,4,4,3,4,4,3,1,1,2,2,5,2
430,2,22,811.3,1,1,6,1,5,3,2,3,4,4,1,2,3,1,2,2,2,5,3
431,2,44,559.7,2,2,3,3,4,3,3,4,4,3,4,5,5,1,1,3,2,3,1
432,2,33,220.8,2,1,4,3,5,3,2,4,5,2,2,5,4,3,1,2,2,3,1
433,2,31,195.9,1,1,3,4,2,3,3,3,3,3,3,3,3,5,5,5,5,5,5
434,2,31,55.2,2,1,5,4,2,4,3,4,2,1,2,2,2,3,5,2,2,5,5
435,1,52,811.3,1,1,2,2,4,3,3,2,4,3,2,5,3,1,5,3,2,3,5
436,2,28,195.9,1,1,6,6,5,5,1,1,1,3,1,2,3,5,1,2,1,1,2
437,2,57,425.3,1,1,6,4,5,4,3,3,3,2,3,5,5,3,1,2,2,5,1
438,2,29,238.9,2,1,5,5,4,4,4,4,3,3,3,3,4,3,1,2,2,4,1
439,1,31,156.3,1,1,6,4,3,5,5,3,3,5,3,5,3,1,3,2,2,3,1
440,1,45,265.9,1,1,6,1,4,2,3,4,4,4,4,5,4,1,5,2,2,2,2
441,1,44,238.9,2,1,5,5,4,3,3,3,3,3,3,3,4,5,5,1,5,3,5
442,1,21,238.9,1,1,6,6,3,3,3,3,3,3,3,5,5,4,4,3,2,3,1
443,1,42,422,1,1,6,1,3,3,2,3,3,3,3,2,3,4,2,1,1,3,1
444,1,37,1041.2,2,1,1,5,1,5,5,5,1,1,1,5,5,5,5,5,5,5,5
445,2,43,1018.5,2,2,4,3,3,3,3,4,3,3,3,4,4,4,1,3,3,4,5
446,2,43,0,1,1,6,6,4,4,4,4,4,4,4,4,4,2,2,1,1,1,2
447,2,42,1041.2,2,1,1,1,4,4,4,4,4,3,3,4,4,3,1,1,4,3,1
448,1,48,425.3,2,2,5,3,4,3,2,2,2,2,2,2,2,3,4,3,2,3,1
449,2,38,0,2,2,6,3,4,3,4,3,3,3,4,4,4,5,5,2,1,5,5
450,2,29,902.2,2,2,6,1,5,5,5,5,5,5,5,5,5,4,5,5,5,5,5
451,1,54,222.4,2,2,6,1,5,5,5,5,5,5,5,5,3,5,5,5,2,5,2
452,2,22,195.9,1,1,5,5,2,4,1,4,1,1,1,4,4,5,1,4,5,3,5
453,2,54,0,1,1,6,1,3,4,2,3,4,2,3,5,2,3,4,4,2,5,2
454,2,22,0,1,1,5,1,5,2,5,5,5,2,5,5,2,1,5,2,5,5,1
455,1,44,342.1,2,2,2,4,4,3,3,3,3,4,3,3,2,3,4,4,3,2,3
456,1,30,594.8,1,1,3,3,3,3,3,3,3,3,3,3,3,5,5,5,5,5,5
457,2,50,67.7,2,2,3,1,5,5,5,5,5,5,5,5,5,3,1,1,2,3,1
458,1,33,519.9,2,2,3,4,2,2,3,3,2,4,3,3,3,3,1,3,2,5,1
459,2,50,819.8,2,2,2,1,3,4,3,4,1,1,1,5,4,4,1,3,1,4,1
460,2,42,156.3,2,2,4,3,4,3,3,3,5,2,3,5,4,1,1,2,2,4,3
461,1,23,156.3,1,1,6,6,4,4,4,4,4,3,3,3,3,1,4,4,2,4,1
462,1,47,156.3,1,1,6,6,2,4,1,4,1,1,1,1,1,5,1,3,2,3,1
463,2,51,220.8,2,1,4,2,5,5,4,4,4,4,3,5,4,1,1,3,2,3,1
464,2,36,0,2,2,4,4,3,3,3,3,3,3,3,2,2,5,5,5,5,5,5
465,1,58,224.9,2,2,6,5,4,5,5,5,2,2,3,4,3,4,1,2,2,3,2
466,2,35,583.8,2,1,6,6,5,5,5,5,5,5,5,4,5,2,2,1,2,5,5
467,2,54,781.1,2,2,4,1,3,4,3,2,5,4,5,5,5,3,5,1,1,5,1
468,1,31,811.3,1,1,6,5,2,3,5,4,2,1,3,4,1,4,5,4,3,3,3
469,2,45,425.3,1,1,5,4,3,3,2,4,1,1,1,1,1,5,2,2,5,5,5
470,2,30,1018.5,2,2,5,2,2,2,3,4,2,3,3,4,3,5,5,5,5,5,5
471,2,54,422,2,2,6,6,5,5,4,4,5,4,4,5,4,5,1,3,1,5,5
472,1,21,0,1,1,5,5,2,2,2,2,2,2,2,2,2,3,1,3,2,3,2
473,2,28,427.9,1,1,4,3,4,3,3,4,2,4,4,5,2,1,5,1,5,5,5
474,2,47,220.8,1,1,4,3,2,3,2,3,2,2,2,2,2,5,5,5,5,5,5
475,1,47,1137.6,1,2,4,4,3,3,3,3,3,3,3,3,3,5,5,5,5,5,5
476,2,35,224.9,2,2,6,2,2,4,2,5,2,3,4,5,2,1,5,3,5,5,5
477,2,32,195.9,2,2,4,1,1,3,3,4,5,4,3,2,2,1,1,1,4,3,2
478,2,26,1137.6,1,1,3,4,3,3,3,3,3,3,3,3,3,5,5,5,5,5,5
479,2,34,141.3,1,1,6,6,3,3,3,3,3,3,3,3,3,1,1,1,1,5,1
480,1,31,67.7,1,1,1,2,5,4,2,4,1,1,2,2,2,3,5,1,5,3,5
481,1,59,67.7,2,2,1,1,5,4,4,4,5,4,4,5,5,1,1,1,2,5,5
482,1,40,342.1,2,2,6,2,3,3,3,3,3,3,3,3,3,5,5,5,1,5,1
483,1,27,156.3,1,1,4,4,3,3,3,3,3,3,3,3,3,3,3,1,2,3,2
484,2,31,811.3,2,2,4,1,3,3,3,3,3,3,3,5,3,3,1,1,2,4,1
485,2,36,811.3,2,1,4,3,3,5,2,3,5,4,3,5,3,5,1,2,5,5,5
486,2,38,342.1,2,1,3,3,2,2,2,2,2,2,2,3,2,5,5,5,5,5,5
487,1,46,67.7,2,1,5,2,4,4,4,4,3,2,3,5,4,3,2,1,2,4,4
488,2,39,1018.5,2,2,4,2,4,4,3,3,3,3,4,4,4,3,1,1,2,3,3
489,1,30,902.2,1,1,5,3,3,3,3,2,2,3,2,2,3,5,5,2,2,2,1
490,1,36,781.1,2,2,5,5,4,4,4,4,3,4,4,4,3,5,5,5,5,5,5
491,2,49,67.7,2,1,6,3,4,4,3,4,4,3,4,4,2,4,5,4,2,4,5
492,1,38,691.3,2,2,3,3,3,3,3,2,3,3,2,3,3,3,5,2,1,3,1
493,2,47,0,1,2,6,1,4,5,2,5,4,4,4,5,2,3,1,1,2,5,1
494,1,26,220.8,1,1,4,4,3,3,3,3,2,3,3,3,2,3,5,5,5,5,1
495,2,52,67.7,1,2,6,4,3,5,3,4,3,2,3,2,2,3,1,1,1,5,5
496,2,25,342.1,1,1,3,4,2,2,1,4,1,2,2,4,2,5,3,5,5,5,5
497,2,30,594.8,2,2,4,3,4,4,4,4,4,4,4,4,4,1,1,2,2,5,1
498,2,52,0,1,1,6,6,1,1,1,1,1,1,1,1,1,3,4,3,2,4,1
499,1,43,265.9,1,1,6,4,3,4,3,3,3,3,3,3,3,5,5,2,2,5,5
500,1,50,1137.6,2,1,6,1,3,3,3,3,2,2,2,5,1,5,5,5,5,5,5
501,2,58,0,2,2,3,5,2,3,2,1,2,2,2,3,3,2,5,3,1,4,2
502,2,29,1049.8,2,1,4,4,3,3,3,3,3,2,2,3,3,5,5,5,5,5,4
503,2,26,583.8,1,1,6,1,5,2,4,5,5,5,5,5,5,1,1,1,5,3,2
504,1,26,0,2,2,6,3,5,3,5,4,3,3,3,5,3,3,2,3,2,3,1
505,2,54,0,2,2,5,4,4,4,3,3,4,4,4,5,4,3,4,3,2,4,2
506,1,59,224.9,2,1,5,3,4,3,3,4,3,5,5,4,3,5,5,1,2,4,1
507,2,54,583.8,2,2,5,4,3,4,2,5,4,3,4,4,4,1,1,2,2,2,2
508,1,37,422,2,2,6,5,2,4,1,3,2,4,4,5,2,1,5,3,2,2,5
509,1,45,583.8,2,2,5,6,2,4,1,2,1,1,1,1,1,3,4,2,1,3,1
510,2,43,1756.4,2,2,5,4,4,3,3,4,3,3,3,5,3,3,2,4,5,2,3
511,2,35,1048.2,1,1,6,6,3,5,2,2,2,2,2,2,2,1,1,3,1,2,1
512,2,34,0,2,2,6,5,3,3,3,3,3,3,3,5,3,4,4,5,2,3,2
513,2,23,156.3,2,2,3,3,3,4,3,3,2,4,3,3,3,1,5,1,5,5,5
514,1,29,594.8,1,2,5,4,4,3,3,3,3,3,4,2,4,1,5,4,2,2,1
515,1,37,811.3,1,1,3,3,3,3,3,3,3,3,3,3,3,4,4,1,2,4,4
516,2,35,238.9,2,1,4,6,3,3,1,2,1,1,1,1,1,3,2,3,2,3,5
517,2,34,1018.5,2,2,4,4,3,2,3,3,2,1,2,2,2,1,1,3,1,5,3
518,2,24,488.7,1,1,6,3,5,5,3,5,4,4,3,5,4,5,5,3,2,3,1
519,1,32,0,2,2,4,5,4,3,2,3,4,4,3,2,4,2,2,4,4,2,2
520,2,49,67.7,2,2,6,5,4,5,3,3,4,3,4,5,3,3,1,3,2,5,1
521,2,48,427.9,1,1,3,5,3,4,3,4,2,4,4,2,3,2,1,2,1,1,4
522,1,27,594.8,1,1,4,3,4,5,3,3,3,3,3,3,3,5,5,2,2,5,1
523,1,41,156.3,1,1,4,4,3,3,3,3,4,3,2,3,4,3,1,5,2,3,2
524,1,39,583.8,1,1,6,5,3,4,3,2,3,2,2,4,2,3,4,2,1,4,1
525,1,27,156.3,1,1,6,3,4,4,1,4,1,1,1,5,1,4,5,1,5,5,5
526,2,20,238.9,1,1,4,5,4,3,2,2,3,3,3,4,3,1,3,3,1,4,4
527,2,23,1048.2,2,2,5,4,2,3,2,3,3,4,3,3,3,3,3,3,4,3,1
528,1,51,594.8,1,1,5,3,3,5,3,4,5,3,4,5,5,4,1,2,2,4,1
529,2,25,583.8,1,1,5,4,3,3,3,3,3,3,3,2,3,2,5,5,5,5,5
530,2,38,156.3,2,2,4,4,3,4,2,4,3,3,3,4,3,5,2,2,2,5,2
531,2,32,691.3,2,2,5,1,3,4,3,3,2,2,2,4,4,4,5,3,5,5,5
532,1,55,67.7,2,2,4,4,4,4,2,4,2,4,3,3,3,3,4,4,1,2,1
533,2,47,128.3,2,2,5,2,4,3,4,3,4,4,4,5,3,5,1,2,5,3,3
534,2,20,427.9,1,1,4,2,2,3,2,2,2,2,2,3,2,1,3,2,2,1,3
535,2,25,1018.5,1,1,4,3,5,5,3,5,3,4,4,5,4,1,5,2,2,5,5
536,2,53,0,2,1,4,4,3,3,3,3,3,3,3,3,3,5,5,5,5,5,5
537,1,25,594.8,1,1,6,4,5,5,2,5,5,2,4,5,5,1,5,2,2,2,5
538,1,38,67.7,1,1,6,2,2,4,3,4,4,2,4,5,5,1,5,1,1,4,1
539,1,50,594.8,2,2,6,6,2,4,2,3,3,3,3,4,3,3,5,3,2,3,2
540,1,39,583.8,2,2,4,3,3,2,3,4,3,2,2,3,3,1,1,1,2,4,1
541,2,24,128.3,1,1,4,4,4,3,3,3,3,3,3,3,3,5,5,5,5,5,5
542,1,28,583.8,2,1,6,1,5,5,3,3,3,3,3,5,5,1,2,1,2,5,5
543,1,37,427.9,1,1,4,1,5,2,4,4,5,4,4,4,4,1,1,1,2,2,2
544,2,41,0,1,1,6,1,3,4,3,3,3,3,3,3,3,3,5,2,2,2,1
545,2,48,811.3,2,2,4,3,3,3,2,4,4,4,4,4,4,1,1,1,5,5,5
546,2,55,425.3,1,2,5,4,3,2,2,3,4,2,2,4,4,1,1,2,5,5,5
547,1,20,671.7,1,1,4,5,3,3,3,3,3,4,3,3,3,1,1,1,1,5,5
548,2,30,156.3,2,1,4,4,3,3,2,3,2,2,4,3,3,3,5,2,2,3,1
549,1,21,238.9,1,1,5,3,2,5,2,3,2,2,2,4,2,3,1,2,1,3,5
550,1,34,0,1,1,4,4,4,5,3,3,3,3,3,3,3,3,5,2,2,3,2
551,1,33,220.8,1,1,4,4,2,2,2,3,2,2,2,3,2,5,5,5,5,5,5
552,1,26,342.1,1,1,4,3,3,3,4,3,4,2,3,3,3,3,5,4,2,3,1
553,1,32,67.7,1,1,3,3,3,3,3,3,3,2,3,3,3,3,2,1,5,5,5
554,2,49,902.2,1,1,3,4,2,5,3,4,3,1,3,5,3,3,5,2,1,4,1
555,2,35,360.1,1,1,4,5,5,5,4,3,4,2,4,5,4,3,1,2,2,3,2
556,1,29,0,1,1,6,6,5,5,5,5,5,5,5,5,5,4,5,1,5,5,1
557,2,27,594.8,2,2,1,2,2,3,2,2,2,3,3,4,2,5,3,5,2,5,4
558,2,37,342.1,2,1,4,3,3,3,3,3,3,3,3,4,2,5,5,5,5,5,2
559,1,47,594.8,1,1,3,4,4,3,3,3,2,4,3,3,2,5,5,5,5,5,5
560,2,30,583.8,1,1,6,3,5,4,1,5,1,1,1,5,5,3,1,2,1,3,1
561,2,45,427.9,2,2,4,3,4,3,4,3,4,3,5,5,5,5,5,3,5,5,5
562,1,27,691.3,2,2,4,3,3,2,3,3,3,2,3,2,2,2,2,2,2,2,2
563,2,44,195.9,2,2,4,5,5,5,1,4,5,5,5,5,4,1,1,4,1,3,1
564,2,41,342.1,2,2,3,3,4,3,4,4,4,3,3,4,3,5,5,1,1,5,1
565,2,52,583.8,2,2,4,4,3,3,3,3,3,3,3,3,3,5,5,5,5,5,5
566,1,54,67.7,2,1,5,2,2,2,2,3,3,2,3,5,4,3,1,3,4,3,1
567,2,53,55.2,2,2,3,3,3,2,3,2,2,2,2,2,2,3,3,3,3,3,3
568,1,59,1018.5,2,2,6,6,3,4,3,4,4,4,4,5,4,3,4,3,2,5,5
569,2,55,195.9,2,2,6,4,4,3,4,4,3,4,3,3,3,3,2,5,5,5,1
570,1,36,0,2,1,5,5,4,4,4,4,4,4,3,5,2,1,4,5,2,3,1
571,1,41,679.9,2,2,5,5,4,4,4,5,5,4,4,5,4,5,5,5,5,5,5
572,1,27,422,2,2,2,2,2,2,2,2,2,2,2,3,2,1,3,3,5,3,5
573,1,42,811.3,2,2,3,3,4,4,2,3,2,2,2,4,2,4,5,2,2,3,2
574,2,38,679.9,2,2,3,3,3,3,3,3,3,3,3,3,3,5,5,5,5,4,5
575,1,27,1041.2,2,2,4,3,4,4,4,5,5,5,5,5,5,1,3,3,3,1,1
576,1,50,55.2,2,1,5,4,4,4,4,4,4,4,4,4,4,4,1,1,1,2,1
577,2,28,537.8,2,1,5,6,4,4,5,5,5,5,5,5,5,3,2,3,3,3,2
578,2,51,427.9,2,1,3,4,3,2,3,3,3,4,3,3,3,3,1,1,2,4,4
579,1,27,583.8,2,2,5,6,3,3,4,4,4,3,3,3,3,5,5,5,5,5,5
580,2,47,141.3,1,1,5,4,4,4,4,4,4,3,3,4,4,1,5,2,2,3,1
581,1,50,1111.6,2,1,4,3,5,3,3,3,4,4,4,4,2,1,1,1,2,4,1
582,1,22,67.7,1,1,3,4,4,4,2,5,1,3,1,5,5,2,4,2,5,5,3
583,2,41,1018.5,2,1,5,3,5,4,4,3,5,4,4,5,4,5,5,2,1,2,1
584,1,28,0,2,2,3,3,3,3,3,3,3,3,3,3,3,5,5,5,5,5,5
585,2,27,0,2,1,5,2,1,2,2,4,4,4,4,4,4,5,5,5,1,5,1
586,2,26,342.1,1,1,6,4,2,2,2,5,1,1,1,3,3,1,3,4,2,3,1
587,1,40,1018.5,1,1,2,2,5,5,5,5,4,4,4,5,4,1,1,1,4,3,1
588,2,25,238.9,1,1,5,1,4,4,2,4,2,2,2,2,3,5,5,4,2,3,5
589,2,32,559.7,2,1,4,3,3,4,3,3,4,4,4,4,4,4,5,1,1,4,1
590,2,51,0,2,2,6,4,4,4,3,3,4,3,3,5,3,1,1,3,1,3,1
591,1,21,156.3,1,1,3,3,3,3,3,4,3,3,3,3,3,1,1,2,2,5,4
592,1,46,156.3,1,1,3,3,3,3,3,3,3,3,3,3,3,5,5,5,5,5,5
593,1,46,811.3,2,2,6,3,4,3,3,3,3,4,3,3,3,5,5,1,1,1,3
594,2,33,342.1,2,1,4,2,4,4,4,4,4,4,4,4,4,5,5,5,5,5,5
595,2,26,141.3,1,1,5,2,3,4,3,3,3,3,3,3,4,3,5,5,5,5,5
596,1,59,946,2,2,4,4,3,3,4,3,3,3,3,3,3,3,5,5,5,5,5
597,1,35,583.8,1,1,5,4,4,3,3,2,3,2,2,4,2,5,5,2,1,3,1
598,2,41,0,2,2,6,2,4,4,2,3,3,3,3,4,3,5,5,1,2,4,2
599,2,45,222.4,2,2,5,5,2,4,2,3,3,2,2,5,3,3,2,3,2,3,1
600,2,48,488.7,1,1,4,3,2,3,1,4,2,2,2,3,3,3,1,3,2,2,1
601,1,20,220.8,1,1,4,4,2,3,3,3,3,2,2,2,2,5,5,5,2,3,1
602,2,45,156.3,1,1,4,3,2,4,2,2,2,2,2,2,2,5,5,3,5,5,5
603,1,48,1049.8,1,1,5,4,4,3,4,2,4,4,4,5,4,1,1,3,2,3,1
604,2,40,224.9,1,1,4,4,3,3,2,3,2,2,2,4,3,5,1,4,5,5,5
605,1,38,67.7,2,1,6,3,2,4,2,4,3,2,4,4,3,1,1,2,2,4,1
606,1,29,220.8,1,1,5,3,4,4,3,3,2,2,3,4,2,3,5,2,2,3,5
607,2,26,583.8,2,2,4,4,4,3,3,4,4,4,4,4,4,5,3,2,1,5,1
608,2,28,236.8,2,1,5,4,4,4,3,3,3,3,4,4,4,3,1,3,2,3,1
609,2,23,902.2,2,1,6,4,4,3,3,4,3,4,2,4,3,5,1,3,5,5,5
610,2,56,0,2,2,5,3,3,4,3,4,4,3,3,4,3,1,5,4,2,3,1
611,2,51,141.3,2,2,2,3,4,3,4,4,4,4,3,5,2,1,1,4,2,5,5
612,1,30,265.9,2,2,5,6,3,3,3,3,3,3,3,3,3,5,4,1,1,4,1
613,1,26,559.7,2,1,4,4,3,4,3,4,4,4,4,4,4,1,2,1,2,2,1
614,2,23,1018.5,2,2,4,3,5,3,4,3,2,2,3,5,3,5,1,5,5,5,5
615,2,36,811.3,2,2,6,5,4,4,2,3,2,1,4,2,2,5,5,3,1,4,1
616,1,52,594.8,2,2,5,6,4,4,3,4,5,2,3,5,2,3,4,3,4,3,1
617,2,51,594.8,2,2,6,5,5,5,5,4,4,5,5,5,4,4,1,1,1,4,3
618,1,50,519.9,2,2,4,4,4,4,3,3,4,3,3,4,3,4,4,1,2,5,1
619,2,35,1018.5,2,1,4,4,3,3,3,3,4,3,3,3,4,1,1,2,5,5,5
620,1,45,67.7,1,1,2,2,4,4,2,4,1,1,1,4,4,4,4,2,2,3,2
621,1,26,67.7,1,1,6,3,4,3,4,5,3,3,3,4,4,1,3,4,1,3,1
622,1,25,0,1,1,3,1,3,2,2,2,3,4,2,2,1,3,2,2,2,3,2
623,2,55,1018.5,1,1,5,4,2,4,3,3,3,5,3,4,2,2,5,2,5,5,5
624,2,39,360.1,2,2,3,3,4,3,2,2,3,3,2,4,2,1,1,3,5,5,5
625,1,26,559.7,1,1,3,2,4,4,5,4,5,4,5,4,4,3,4,2,1,4,1
626,2,53,946,2,2,5,2,4,4,3,3,4,3,3,5,5,3,1,2,2,2,3
627,2,26,55.2,2,2,6,2,4,3,5,5,5,5,5,5,5,3,4,2,4,3,1
628,2,43,811.3,1,2,1,1,5,5,3,3,5,4,3,5,5,5,5,2,2,5,1
629,2,20,519.9,1,1,4,2,3,2,4,4,3,2,3,4,3,1,1,2,4,2,1
630,2,39,156.3,2,2,5,4,3,4,3,4,2,3,3,4,4,5,1,3,2,3,3
631,1,23,224.9,2,2,5,2,2,2,2,2,2,1,3,4,3,5,5,1,2,3,1
632,1,35,594.8,2,2,4,5,3,3,3,3,3,3,3,3,3,5,1,2,2,3,3
633,2,22,0,1,1,6,1,3,5,3,5,1,1,1,5,1,3,3,2,1,5,1
634,2,42,67.7,2,2,6,6,1,4,1,4,2,2,4,5,2,3,1,2,2,2,1
635,1,28,425.3,2,1,3,3,3,4,2,3,1,4,3,2,2,5,1,1,1,2,1
636,2,41,141.3,2,2,5,4,4,3,4,4,4,3,3,5,3,1,1,2,2,3,1
637,1,24,594.8,1,1,2,2,1,1,1,1,1,1,2,1,1,5,5,5,5,5,5
638,2,27,781.1,2,2,4,2,4,4,4,4,3,4,3,5,3,1,5,3,1,2,5
639,2,56,342.1,2,2,4,3,5,4,4,3,4,4,4,5,5,1,1,4,2,5,5
640,1,21,427.9,1,1,4,5,4,4,3,3,4,4,3,3,4,1,1,5,2,4,5
641,1,50,902.2,2,2,3,3,3,3,3,3,3,3,4,3,3,5,5,5,5,5,5
642,1,29,583.8,2,2,5,4,4,4,4,5,4,4,3,3,3,4,5,5,2,5,4
643,1,59,427.9,1,1,3,4,5,5,4,2,3,4,3,5,5,2,3,2,1,3,2
644,2,33,224.9,1,1,5,2,3,3,1,2,1,1,1,5,1,1,2,1,2,5,1
645,2,43,1018.5,2,2,5,3,3,4,2,2,2,2,2,4,3,5,5,1,5,5,5
646,1,27,1041.2,1,1,3,1,1,1,2,1,1,1,1,1,1,2,2,5,2,5,2
647,2,41,0,1,1,4,3,3,3,3,4,4,4,3,5,3,1,1,2,2,5,2
648,1,56,0,1,1,6,6,3,3,3,3,3,3,3,3,3,2,5,5,5,5,5
649,1,24,1111.6,1,1,4,4,3,4,2,3,2,2,4,3,3,2,4,4,3,2,2
650,2,29,594.8,1,1,6,6,3,3,1,1,1,1,1,4,3,3,2,3,3,2,1
651,2,28,594.8,1,1,4,1,2,2,3,2,4,3,3,5,2,5,4,1,2,3,1
652,1,53,679.9,2,2,4,2,4,1,3,4,4,4,4,5,4,1,1,3,2,3,5
653,1,57,512.9,2,2,4,4,3,3,3,3,2,4,3,3,3,4,3,4,1,4,5
654,1,38,220.8,2,2,5,4,3,2,2,4,2,2,2,2,2,1,1,3,2,3,2
655,1,28,141.3,2,1,6,4,1,1,1,1,1,1,1,1,1,5,1,1,2,2,4
656,2,34,67.7,1,1,6,3,4,3,3,3,3,3,3,4,3,1,5,1,5,5,5
657,2,26,427.9,1,2,6,1,5,4,4,3,3,3,3,3,3,1,1,1,1,4,1
658,1,43,819.8,2,2,6,3,5,5,4,4,3,4,4,5,5,5,5,2,1,3,5
659,1,34,0,1,1,6,6,4,4,4,4,4,4,4,4,3,5,5,5,5,5,5
660,1,27,67.7,1,1,6,4,2,4,4,2,2,2,2,2,2,2,2,5,2,5,5
661,2,55,342.1,2,2,5,2,4,3,2,2,4,2,2,5,4,1,1,2,5,5,5
662,2,29,342.1,2,2,5,2,5,4,4,4,2,2,2,5,2,3,1,2,2,3,4
663,2,51,594.8,1,2,4,3,5,3,1,4,5,3,5,2,2,5,5,5,1,5,2
664,1,25,537.8,1,1,3,3,3,3,3,3,3,3,3,3,3,5,5,5,5,5,5
665,2,43,220.8,2,2,4,3,4,3,3,4,4,4,4,4,4,5,1,2,5,2,5
666,1,50,559.7,1,1,6,1,2,5,2,1,1,1,1,1,2,1,4,3,1,2,1
667,1,22,195.9,1,1,6,6,2,2,4,3,3,3,3,4,3,3,1,3,2,3,2
668,1,30,594.8,1,1,6,4,4,4,4,4,3,4,4,3,4,1,1,1,5,5,5
669,2,47,224.9,2,2,5,3,4,3,4,4,3,3,3,3,3,3,1,4,2,2,1
670,2,53,238.9,2,1,2,4,3,3,4,2,3,3,4,3,2,1,1,3,2,4,1
671,1,29,55.2,2,1,4,3,4,4,4,5,3,4,5,4,3,3,1,3,2,3,1
672,1,38,55.2,2,2,5,3,2,1,1,1,1,1,1,1,1,1,5,2,2,5,5
673,1,28,0,1,2,3,3,3,3,2,4,3,3,3,3,2,3,1,4,2,3,1
674,2,37,427.9,2,2,5,4,2,3,2,3,3,3,2,2,2,4,5,5,5,5,5
675,1,38,67.7,2,1,5,5,4,3,3,3,3,3,3,3,3,3,2,2,1,4,1
676,1,38,559.7,2,2,6,6,5,5,1,5,3,3,2,4,3,3,4,3,1,4,2
677,1,32,427.9,2,2,3,3,3,4,3,3,1,2,2,3,2,5,5,4,2,4,1
678,1,21,819.8,1,1,2,3,2,3,3,2,2,3,3,3,2,1,1,1,2,4,4
679,2,49,238.9,2,2,6,4,1,5,3,5,4,3,4,5,1,4,1,1,2,3,1
680,1,30,265.9,1,1,1,2,1,2,2,1,2,1,2,2,2,2,3,2,2,3,2
681,2,37,902.2,1,1,5,2,4,2,3,4,4,4,3,5,2,1,1,3,1,5,1
682,2,30,559.7,2,2,3,4,4,3,3,4,3,2,3,2,2,5,1,5,2,5,1
683,1,32,156.3,2,2,3,3,2,4,2,3,2,3,3,3,2,4,4,3,2,3,1
684,1,31,67.7,1,1,5,4,3,3,3,4,3,3,3,3,3,5,1,3,2,3,2
685,1,36,195.9,2,1,5,2,3,3,3,2,2,2,2,3,2,1,2,1,1,5,1
686,1,47,559.7,2,2,4,4,3,3,3,3,3,3,3,3,3,5,5,5,5,5,5
687,2,54,67.7,2,2,6,2,5,4,4,5,5,5,5,5,5,4,5,5,2,5,5
688,2,27,946,1,1,4,4,4,4,3,3,4,3,4,5,2,3,5,3,2,3,5
689,2,23,811.3,1,1,6,4,1,5,1,1,1,1,1,4,1,1,2,3,2,5,3
690,2,50,141.3,2,2,6,6,5,5,5,5,5,5,5,5,5,1,1,3,1,5,1
691,2,45,265.9,2,2,6,6,1,5,1,1,2,2,3,3,4,4,5,3,3,5,5
692,1,27,819.8,1,1,5,6,2,2,4,5,1,2,2,2,1,5,5,3,1,3,2
693,2,30,265.9,2,1,5,4,4,5,4,4,4,4,4,4,4,4,4,4,4,1,3
694,2,22,0,1,1,6,5,3,4,4,3,2,4,2,4,4,5,5,2,2,5,1
695,2,33,141.3,2,2,4,1,3,3,2,5,5,3,3,5,3,5,1,3,2,3,1
696,2,43,342.1,1,2,4,4,4,3,3,3,3,3,3,3,3,5,5,5,5,5,5
697,2,32,128.3,1,1,6,1,5,5,5,5,5,1,5,5,5,3,2,2,2,2,2
698,2,35,594.8,2,2,5,2,3,3,3,2,4,4,4,5,4,3,1,3,1,5,2
699,1,47,610.2,1,1,2,2,5,4,4,4,5,4,4,4,4,3,2,1,2,4,1
700,1,32,946,2,2,6,3,5,3,3,3,5,3,3,5,1,3,1,2,2,4,2
701,1,34,559.7,2,2,1,2,1,1,2,1,1,1,1,1,1,1,1,1,1,3,1
702,1,28,238.9,1,1,4,2,4,4,3,3,3,3,3,3,4,1,5,1,1,5,5
703,1,22,195.9,1,1,3,5,3,2,3,3,3,2,4,3,3,1,1,2,3,3,1
704,2,56,67.7,2,2,5,6,5,5,4,5,3,3,4,5,5,5,1,2,1,3,1
705,2,58,1048.2,1,2,4,2,3,3,3,3,4,4,4,4,4,5,1,5,2,3,2
706,2,54,342.1,2,2,6,6,2,5,1,5,2,1,1,5,5,3,1,2,1,3,1
707,2,25,0,2,2,5,3,4,4,4,4,4,4,4,4,4,1,2,1,1,5,1
708,1,41,0,1,1,5,1,5,5,3,4,2,2,3,2,1,3,5,2,2,3,2
709,2,36,537.8,2,2,6,3,4,4,2,4,4,4,4,5,5,3,5,4,1,5,1
710,2,46,67.7,1,2,4,5,1,3,2,1,1,1,1,4,1,3,3,2,1,5,1
711,1,29,691.3,2,2,3,3,3,3,3,3,3,3,3,3,2,4,4,1,2,2,1
712,1,45,141.3,1,1,5,5,2,5,2,4,2,2,2,5,1,3,5,4,1,3,1
713,2,54,1018.5,2,2,4,4,3,2,4,4,2,2,2,5,4,5,5,3,1,3,1
714,1,43,238.9,1,1,4,1,5,4,5,3,5,5,5,5,3,5,1,1,2,4,5
715,2,33,594.8,2,2,6,4,1,4,1,1,1,1,1,4,1,1,1,3,2,3,1
716,1,38,594.8,1,2,3,2,4,4,1,1,1,1,1,4,1,5,5,2,5,4,4
717,2,31,512.9,2,2,5,4,3,4,1,5,5,2,4,5,5,4,5,5,5,5,5
718,2,37,0,1,1,3,4,4,3,3,3,4,4,3,3,3,5,5,5,5,5,5
719,1,27,342.1,1,1,3,3,3,3,3,3,2,3,3,3,3,1,1,1,1,1,2
720,1,34,1756.4,2,2,5,1,4,4,2,4,2,4,4,5,2,1,4,2,2,3,2
721,2,43,67.7,2,2,5,2,4,4,3,3,3,3,3,4,3,5,5,5,5,5,5
722,2,32,594.8,2,2,4,3,3,2,2,3,3,2,3,2,3,5,5,5,2,5,4
723,2,24,195.9,2,2,5,1,4,4,4,4,1,4,4,5,1,3,1,2,2,5,1
724,1,24,0,1,1,6,3,4,4,3,3,5,4,4,5,4,1,1,2,2,4,1
725,1,28,364.5,1,1,3,3,2,2,2,2,1,3,3,3,3,5,5,2,5,4,5
726,2,34,0,1,1,6,4,3,5,5,3,2,4,5,4,2,3,1,2,1,4,2
727,1,26,1137.6,1,1,2,3,2,3,2,2,2,3,2,2,2,4,1,4,4,1,4
728,2,50,583.8,2,2,6,6,4,2,2,4,4,4,3,5,3,5,2,2,2,5,5
729,2,27,427.9,2,2,6,3,3,2,3,3,1,2,2,3,3,3,5,1,1,2,4
730,1,25,427.9,1,1,5,2,4,4,2,2,2,2,2,4,4,3,1,1,2,4,2
731,2,51,156.3,2,1,5,5,4,4,5,5,5,5,5,5,1,2,1,1,5,5,5
732,2,51,0,2,2,5,2,5,3,4,4,4,4,4,5,4,1,1,3,5,2,1
733,2,32,594.8,2,2,6,6,1,5,1,1,1,1,1,1,1,1,5,3,1,5,5
734,1,25,342.1,2,1,1,2,1,3,3,2,2,3,2,3,3,3,3,3,3,4,3
735,2,32,195.9,2,1,3,2,4,4,3,4,5,5,5,5,5,1,5,4,2,5,1
736,1,28,222.4,2,2,3,3,4,3,4,4,3,4,4,4,3,2,3,3,1,1,4
737,1,21,0,1,1,2,3,2,2,3,2,3,2,3,3,2,5,5,5,5,5,5
738,1,33,1137.6,2,2,4,2,1,1,1,4,1,1,1,5,3,1,2,1,2,1,1
739,2,39,819.8,1,1,4,4,3,2,3,3,4,3,3,4,4,1,2,4,2,3,2
740,2,34,141.3,2,2,6,6,2,3,2,4,5,3,4,5,5,1,5,3,1,3,2
741,1,29,691.3,2,2,6,1,4,5,5,5,5,5,5,5,5,2,2,1,2,3,1
742,2,25,220.8,1,1,4,4,1,5,1,1,2,2,2,5,2,2,4,3,2,3,5
743,1,31,222.4,2,2,3,4,2,4,4,3,4,3,3,3,3,1,1,1,2,5,1
744,1,22,67.7,1,1,3,3,3,3,3,3,3,3,2,3,3,2,1,4,2,1,1
745,1,36,364.5,1,1,6,6,5,5,5,3,4,3,4,3,3,5,5,5,2,5,5
746,2,37,559.7,2,2,6,5,4,3,4,4,4,5,5,5,3,5,5,2,2,5,3
747,1,44,220.8,2,2,5,3,4,4,2,3,3,2,2,5,3,5,5,5,5,5,5
748,1,38,128.3,2,2,6,2,4,1,4,5,4,4,5,5,5,1,1,1,2,3,2
749,1,27,240,2,2,4,2,4,2,2,2,4,3,2,2,2,5,5,5,5,5,5
750,1,29,238.9,2,2,3,2,3,2,3,4,3,4,3,2,3,2,5,5,5,5,5
751,2,41,811.3,2,2,4,2,2,1,3,4,2,2,3,5,3,5,1,2,2,4,3
752,1,21,1018.5,1,1,4,4,3,3,3,3,3,3,3,3,3,4,4,5,5,3,4
753,1,51,427.9,2,2,6,2,4,5,3,5,4,3,3,5,2,1,1,4,2,4,1
754,1,45,1018.5,2,2,4,3,5,4,4,3,3,5,5,4,3,4,1,1,1,2,4
755,2,20,427.9,1,1,3,3,3,3,3,3,3,2,3,2,2,5,5,5,5,5,5
756,2,24,1018.5,2,1,3,4,2,3,4,3,3,2,3,4,3,1,2,2,2,1,1
757,2,31,427.9,2,2,5,2,3,3,2,2,2,2,2,4,2,5,5,2,2,5,5
758,1,43,240,1,1,4,3,2,2,2,4,2,2,2,2,2,3,2,4,1,3,2
759,2,29,156.3,2,2,3,4,2,3,3,3,3,4,4,2,3,4,5,5,4,4,4
760,1,31,342.1,1,1,4,3,4,3,2,2,1,2,2,4,2,4,5,5,5,5,5
761,1,27,811.3,1,1,6,6,2,2,2,2,3,4,3,3,3,2,2,4,4,4,4
762,2,40,128.3,2,2,5,2,3,4,2,4,2,2,2,5,4,1,5,3,5,5,5
763,1,34,55.2,2,1,6,5,4,4,4,3,1,2,4,3,1,1,1,2,2,3,2
764,1,26,594.8,1,1,6,4,4,2,3,4,2,3,4,4,4,2,1,4,2,4,1
765,1,35,67.7,2,1,6,1,5,5,3,5,2,2,2,3,2,1,1,2,1,2,1
766,2,26,1018.5,2,2,6,1,5,5,5,1,1,2,4,4,4,5,5,1,5,5,5
767,2,26,67.7,1,1,6,6,4,3,4,4,4,4,5,5,3,5,5,5,5,5,5
768,2,28,238.9,2,2,5,3,3,4,3,4,3,2,3,4,4,3,1,3,2,4,5
769,2,29,594.8,2,2,4,4,5,5,5,5,2,2,2,5,2,3,1,4,2,3,1
770,1,20,238.9,2,2,4,4,3,3,4,3,4,4,4,3,3,5,4,5,2,3,2
771,2,22,265.9,1,1,2,2,5,5,5,4,5,5,4,4,4,1,1,1,1,2,1
772,1,59,559.7,2,2,4,3,4,3,3,4,4,4,4,5,4,3,1,2,3,5,1
773,2,37,67.7,2,2,4,1,5,5,4,4,5,5,5,5,4,3,1,4,1,4,1
774,1,22,594.8,1,1,5,3,3,3,3,4,4,4,2,3,3,3,5,2,2,3,1
775,1,36,0,1,2,6,5,4,4,3,3,3,3,4,3,3,1,5,2,2,3,3
776,2,24,238.9,2,2,5,4,3,3,4,4,4,3,3,3,3,1,5,5,2,5,3
777,1,40,594.8,1,1,3,2,3,5,1,3,3,3,3,2,2,3,3,2,2,4,1
778,2,38,67.7,2,2,4,3,4,5,2,2,2,2,4,5,5,1,4,4,5,3,2
779,1,58,224.9,1,1,5,5,2,5,2,2,2,2,2,2,2,5,1,3,5,4,1
780,2,26,67.7,1,1,5,3,4,4,4,4,3,3,2,5,2,1,1,2,1,5,1
781,2,29,195.9,2,2,6,3,3,3,2,3,4,3,5,5,4,1,1,3,2,5,1
782,2,27,679.9,2,1,4,4,2,2,2,4,4,2,2,4,4,3,1,3,2,3,1
783,1,23,0,1,1,5,4,4,4,4,3,4,4,3,3,3,1,1,2,2,2,1
784,1,36,0,1,1,6,5,4,4,2,4,2,2,2,5,2,3,5,2,2,4,2
785,1,22,594.8,1,1,6,6,4,5,4,1,4,2,4,5,5,1,5,4,2,3,1
786,2,34,156.3,2,2,4,3,3,4,2,4,3,3,3,4,3,3,5,3,5,5,4
787,1,43,360.1,2,2,6,2,5,4,2,4,2,4,4,2,4,1,1,2,5,2,1
788,2,28,342.1,1,1,6,6,3,4,3,3,2,2,3,4,3,5,4,3,2,3,1
789,2,44,141.3,2,2,6,5,4,3,3,2,3,3,3,5,5,1,1,1,1,3,1
790,1,31,902.2,1,1,5,3,4,3,2,3,3,3,3,3,3,5,1,1,2,5,1
791,1,35,559.7,1,1,6,2,4,4,2,1,2,1,1,5,2,3,1,2,2,3,1
792,1,26,0,1,1,6,4,5,4,2,5,3,3,3,2,2,1,1,1,1,3,3
793,2,23,67.7,2,2,6,4,4,2,3,5,1,1,4,2,1,1,1,3,1,5,5
794,2,39,220.8,2,1,6,6,5,3,3,5,5,3,3,4,3,4,4,2,2,3,1
795,2,20,946,1,1,4,4,3,3,3,3,3,3,3,3,3,5,5,5,5,5,5
796,2,31,594.8,2,2,6,1,5,2,4,5,1,3,3,5,5,1,5,4,2,5,1
797,2,29,1137.6,1,1,4,3,3,3,2,3,3,3,3,2,3,1,5,3,5,5,5
798,2,38,240,2,2,6,6,4,3,2,2,1,2,2,4,3,5,5,3,2,4,1
799,2,56,559.7,2,1,4,3,4,3,3,4,3,3,3,3,3,1,1,4,2,5,1
800,2,26,583.8,1,1,5,5,4,5,2,4,2,2,2,2,2,1,3,2,1,3,2
801,2,27,594.8,1,1,5,2,4,4,2,3,2,2,2,4,2,1,5,2,5,5,5
802,1,33,1018.5,2,2,4,4,3,3,3,3,3,3,3,3,3,4,5,3,2,3,1
803,1,30,67.7,2,1,6,1,5,5,3,4,5,3,4,4,4,4,5,3,2,2,1
804,1,54,0,2,2,6,4,1,3,3,3,3,3,3,5,3,1,4,4,2,3,2
805,2,25,610.2,1,1,4,3,2,2,3,2,2,2,2,4,5,1,1,1,1,3,2
806,2,40,594.8,1,1,2,2,4,3,3,2,3,3,3,4,4,3,3,2,1,4,5
807,2,26,55.2,1,1,6,6,5,5,5,5,5,5,2,5,5,5,5,5,5,5,1
808,1,29,594.8,1,1,6,1,5,5,4,3,5,5,5,5,5,1,1,4,2,3,1
809,2,23,67.7,1,1,4,4,3,3,3,3,3,3,3,3,3,3,5,5,5,5,5
810,2,26,195.9,2,1,4,5,3,3,5,4,3,3,3,1,2,3,5,3,5,5,3
811,2,33,360.1,2,2,2,1,5,2,5,5,5,4,4,5,5,3,5,2,2,4,2
812,1,37,342.1,2,2,6,5,2,4,2,4,1,1,1,4,1,3,4,3,2,3,1
813,1,49,594.8,1,1,4,4,4,3,2,2,4,2,2,4,4,5,1,3,2,3,1
814,1,48,0,2,1,2,4,3,3,2,3,4,4,4,3,1,1,1,4,2,2,2
815,2,24,0,1,1,6,4,4,2,2,4,2,2,2,2,2,1,1,2,2,1,2
816,1,20,583.8,1,1,4,3,4,3,3,4,3,3,3,4,4,3,5,1,2,3,1
817,1,36,195.9,1,1,1,2,3,4,3,4,3,3,3,4,4,5,5,1,1,3,1
818,2,23,220.8,1,1,6,4,3,1,1,2,1,1,1,3,1,1,1,3,5,3,4
819,2,24,265.9,1,1,6,4,4,5,2,3,2,2,2,2,2,3,1,2,2,2,1
820,1,35,224.9,1,1,5,3,4,3,3,4,3,3,4,2,2,3,2,4,1,4,1
821,1,30,195.9,2,2,5,4,4,3,2,1,1,1,1,3,2,1,2,1,5,2,3
822,2,23,594.8,1,1,5,3,3,2,3,4,2,4,3,3,4,5,1,2,5,5,1
823,2,26,519.9,1,2,4,5,4,3,3,2,2,2,2,3,4,5,5,3,2,5,5
824,1,48,141.3,2,2,6,1,5,5,5,5,5,5,5,5,5,1,3,1,2,3,1
825,2,31,594.8,2,2,6,1,3,3,3,3,3,3,3,3,4,4,5,2,5,5,1
826,1,29,1137.6,1,1,6,6,1,5,1,2,1,1,1,1,1,3,5,2,2,3,5
827,2,22,360.1,1,1,5,4,3,5,2,4,4,4,4,4,4,3,1,2,2,4,2
828,2,20,427.9,1,1,6,1,4,2,4,2,4,5,5,4,4,2,3,2,2,4,1
829,2,45,156.3,2,2,5,4,4,3,2,4,4,3,4,4,3,2,5,3,2,3,1
830,1,27,156.3,2,2,4,4,4,4,4,3,5,3,3,4,4,1,5,4,2,3,1
831,2,51,195.9,2,2,5,2,4,4,5,4,3,4,4,3,4,5,1,1,2,1,3
832,1,27,55.2,1,1,6,5,4,5,2,2,1,1,1,4,1,3,1,2,2,3,1
833,2,29,0,2,1,5,1,5,2,3,5,5,4,3,5,3,5,5,1,2,4,5
834,2,24,559.7,1,1,4,3,4,4,3,4,3,3,3,2,2,1,1,2,1,5,5
835,1,33,265.9,2,2,6,2,4,4,2,4,2,2,4,4,2,4,4,3,2,3,2
836,1,25,1018.5,1,1,4,4,3,3,3,2,3,2,4,3,4,2,1,4,5,5,5
837,1,56,0,2,2,6,4,5,5,5,3,3,3,3,3,3,3,1,3,1,3,3
838,2,20,67.7,1,1,6,2,5,5,5,5,4,4,5,4,4,1,1,2,5,3,1
839,1,29,1018.5,1,1,6,3,3,3,3,3,3,3,3,3,2,1,5,1,2,4,5
840,1,33,594.8,2,2,4,4,4,3,3,3,4,4,4,4,5,5,5,2,1,4,1
841,1,36,55.2,2,2,4,5,3,4,2,2,2,2,2,4,2,3,3,3,2,3,1
842,1,22,55.2,1,1,5,4,3,5,2,4,4,3,4,5,2,3,1,2,2,3,2
843,2,50,238.9,2,2,4,4,3,2,3,4,3,3,4,3,3,2,3,2,5,5,5
844,2,35,0,2,2,5,3,4,3,4,4,4,3,5,5,3,1,5,2,2,5,1
845,2,28,0,2,1,2,1,5,5,4,5,5,5,5,5,5,1,5,4,2,1,5
846,2,21,195.9,1,1,6,4,4,4,3,4,2,1,2,1,2,2,3,2,2,3,5
847,1,25,67.7,1,1,5,5,4,5,3,3,3,3,3,4,4,5,5,2,2,3,2
848,2,27,224.9,1,1,6,4,4,4,2,5,2,2,2,2,2,2,1,3,2,2,1
849,1,27,583.8,2,2,6,1,5,3,3,4,4,3,4,4,3,3,4,3,2,2,3
850,1,23,691.3,1,1,4,3,3,4,2,3,3,3,2,3,3,1,5,5,5,5,1
851,2,32,559.7,2,2,5,4,1,1,1,4,4,1,1,5,4,3,5,2,1,5,1
852,1,44,195.9,2,1,6,6,3,3,3,3,3,3,3,3,3,3,1,1,2,2,1
853,1,24,67.7,1,1,5,4,2,4,2,2,2,2,2,2,2,3,5,4,1,1,1
854,2,31,342.1,2,2,6,2,5,2,5,5,2,2,4,5,3,1,5,2,2,2,2
855,2,39,1018.5,1,1,6,5,4,4,2,3,2,3,3,5,5,3,1,3,2,5,2
856,2,55,594.8,1,1,6,3,2,4,1,3,3,2,2,5,5,5,2,2,5,4,1
857,1,30,594.8,1,1,3,3,3,3,3,3,3,2,3,3,3,1,2,3,1,3,4
858,2,33,55.2,2,2,4,2,3,2,4,4,4,3,4,4,3,1,2,1,1,5,1
859,1,44,238.9,1,1,3,3,4,4,3,3,3,4,2,4,3,3,1,2,5,3,1
860,1,20,238.9,1,1,4,4,4,2,4,5,3,2,1,4,1,3,2,2,2,3,1
861,2,26,156.3,2,2,6,6,5,5,5,5,5,5,5,5,5,2,1,2,2,2,5
862,2,26,594.8,1,1,6,4,2,2,2,2,2,2,2,2,2,5,1,3,1,5,1
863,2,23,811.3,1,1,6,6,4,4,1,1,1,1,4,2,2,5,5,2,2,2,3
864,1,31,594.8,1,1,6,5,5,5,4,5,2,2,5,5,1,2,1,4,2,3,1
865,1,46,0,2,2,6,6,3,3,3,1,1,1,1,5,1,3,4,3,1,3,1
866,1,21,67.7,1,1,5,4,4,5,3,5,5,3,2,4,4,1,1,2,2,3,1
867,2,20,427.9,1,1,4,5,2,3,2,2,2,2,2,2,2,3,4,2,2,3,1
868,1,23,236.8,1,1,5,1,4,5,4,2,1,4,3,5,5,3,1,2,2,5,5
869,1,29,1018.5,1,1,5,4,4,4,4,4,2,2,1,2,1,3,3,3,2,3,1
870,2,32,55.2,2,2,6,6,3,3,3,4,1,2,2,2,1,5,5,5,5,5,3
871,1,27,342.1,1,1,6,5,1,5,1,3,1,1,1,4,1,4,4,3,2,3,1
872,2,38,238.9,1,2,5,5,2,1,4,4,2,1,1,2,1,1,3,2,2,4,1
873,2,23,55.2,1,1,4,4,4,4,2,4,2,2,2,2,2,3,4,3,3,4,5
874,2,53,671.7,2,2,5,4,5,5,4,5,5,4,4,5,5,1,1,2,2,3,1
875,1,46,811.3,2,2,5,3,4,2,1,4,3,3,2,5,4,3,1,5,1,3,1
876,1,25,811.3,1,1,5,4,2,3,1,3,1,2,1,2,3,5,5,2,2,1,5
877,2,28,594.8,2,2,5,5,3,2,2,4,2,2,4,4,4,2,1,2,1,1,1
878,2,22,240,1,1,5,2,3,5,2,3,2,4,4,3,2,1,5,5,2,5,5
879,2,28,0,2,2,6,2,4,3,2,1,2,2,1,5,2,3,1,2,2,1,2
880,2,29,1137.6,2,2,6,4,4,3,3,4,4,2,3,5,3,5,5,2,5,5,5